Date,Team Name,Win Prediction Confidence,Current Odds
2024-04-01 23:04:49,Charlotte Hornets,23.10, 1200
2024-04-01 23:04:49,Boston Celtics,76.90,-2500
2024-04-01 23:04:49,Orlando Magic,83.10,-2200
2024-04-01 23:04:49,Portland Trail Blazers,16.90, 1100
2024-04-01 23:04:49,Detroit Pistons,45.10, -144
2024-04-01 23:04:49,Memphis Grizzlies,54.90,  122
2024-04-01 23:04:49,Indiana Pacers,74.20, -700
2024-04-01 23:04:49,Brooklyn Nets,25.80,  500
2024-04-01 23:04:49,New Orleans Pelicans,58.60, -112
2024-04-01 23:04:49,Phoenix Suns,41.40, -104
2024-04-01 23:04:49,Chicago Bulls,52.70, -134
2024-04-01 23:04:49,Atlanta Hawks,47.30,  114
2024-04-01 23:15:25,Charlotte Hornets,23.10, 1200
2024-04-01 23:15:25,Boston Celtics,76.90,-2500
2024-04-01 23:15:25,Orlando Magic,83.10,-2200
2024-04-01 23:15:25,Portland Trail Blazers,16.90, 1100
2024-04-01 23:15:25,Detroit Pistons,45.10, -144
2024-04-01 23:15:25,Memphis Grizzlies,54.90,  122
2024-04-01 23:15:25,Indiana Pacers,74.20, -700
2024-04-01 23:15:25,Brooklyn Nets,25.80,  500
2024-04-01 23:15:25,Chicago Bulls,52.70, -134
2024-04-01 23:15:25,Atlanta Hawks,47.30,  114
2024-04-01 23:15:25,New Orleans Pelicans,58.60, -112
2024-04-01 23:15:25,Phoenix Suns,41.40, -104
2024-04-01 23:15:55,Charlotte Hornets,23.10, 1200
2024-04-01 23:15:55,Boston Celtics,76.90,-2500
2024-04-01 23:15:55,Orlando Magic,83.10,-2200
2024-04-01 23:15:55,Portland Trail Blazers,16.90, 1100
2024-04-01 23:15:55,Detroit Pistons,45.10, -144
2024-04-01 23:15:55,Memphis Grizzlies,54.90,  122
2024-04-01 23:15:55,Indiana Pacers,74.20, -700
2024-04-01 23:15:55,Brooklyn Nets,25.80,  500
2024-04-01 23:15:55,Chicago Bulls,52.70, -134
2024-04-01 23:15:55,Atlanta Hawks,47.30,  114
2024-04-01 23:15:55,New Orleans Pelicans,58.60, -112
2024-04-01 23:15:55,Phoenix Suns,41.40, -104
2024-04-01 23:16:41,Toronto Raptors,27.50,  610
2024-04-01 23:16:41,Los Angeles Lakers,72.50, -900
2024-04-01 23:16:41,Washington Wizards,20.10,  700
2024-04-01 23:16:41,Milwaukee Bucks,79.90,-1100
2024-04-01 23:16:41,Philadelphia 76ers,38.40,  166
2024-04-01 23:16:41,Oklahoma City Thunder,61.60, -198
2024-04-01 23:16:41,Miami Heat,48.70, -146
2024-04-01 23:16:41,New York Knicks,51.30,  124
2024-04-01 23:16:41,Minnesota Timberwolves,73.30, -350
2024-04-01 23:16:41,Houston Rockets,26.70,  280
2024-04-01 23:16:41,Utah Jazz,30.40,  530
2024-04-01 23:16:41,Cleveland Cavaliers,69.60, -750
2024-04-01 23:16:41,Denver Nuggets,83.60,-2000
2024-04-01 23:16:41,San Antonio Spurs,16.40, 1040
2024-04-01 23:16:41,Golden State Warriors,48.40, -112
2024-04-01 23:16:41,Dallas Mavericks,51.60, -104
2024-04-01 23:16:41,Sacramento Kings,36.80,  118
2024-04-01 23:16:41,LA Clippers,63.20, -138
2024-04-01 23:25:29,Toronto Raptors,27.50,2024-04-02,  610
2024-04-01 23:25:29,Los Angeles Lakers,72.50,2024-04-02, -900
2024-04-01 23:25:29,Washington Wizards,20.10,2024-04-02,  700
2024-04-01 23:25:29,Milwaukee Bucks,79.90,2024-04-02,-1100
2024-04-01 23:25:29,Philadelphia 76ers,38.40,2024-04-02,  166
2024-04-01 23:25:29,Oklahoma City Thunder,61.60,2024-04-02, -198
2024-04-01 23:25:29,Miami Heat,48.70,2024-04-02, -146
2024-04-01 23:25:29,New York Knicks,51.30,2024-04-02,  124
2024-04-01 23:25:29,Minnesota Timberwolves,73.30,2024-04-02, -350
2024-04-01 23:25:29,Houston Rockets,26.70,2024-04-02,  280
2024-04-01 23:25:29,Utah Jazz,30.40,2024-04-02,  530
2024-04-01 23:25:29,Cleveland Cavaliers,69.60,2024-04-02, -750
2024-04-01 23:25:29,Denver Nuggets,83.60,2024-04-02,-2000
2024-04-01 23:25:29,San Antonio Spurs,16.40,2024-04-02, 1040
2024-04-01 23:25:29,Golden State Warriors,48.40,2024-04-02, -112
2024-04-01 23:25:29,Dallas Mavericks,51.60,2024-04-02, -104
2024-04-01 23:25:29,Sacramento Kings,36.80,2024-04-02,  118
2024-04-01 23:25:29,LA Clippers,63.20,2024-04-02, -138
2024-04-01 23:26:45,2024-04-02,Toronto Raptors,27.50,  610
2024-04-01 23:26:45,2024-04-02,Los Angeles Lakers,72.50, -900
2024-04-01 23:26:45,2024-04-02,Washington Wizards,20.10,  700
2024-04-01 23:26:45,2024-04-02,Milwaukee Bucks,79.90,-1100
2024-04-01 23:26:45,2024-04-02,Philadelphia 76ers,38.40,  166
2024-04-01 23:26:45,2024-04-02,Oklahoma City Thunder,61.60, -198
2024-04-01 23:26:45,2024-04-02,Miami Heat,48.70, -146
2024-04-01 23:26:45,2024-04-02,New York Knicks,51.30,  124
2024-04-01 23:26:45,2024-04-02,Minnesota Timberwolves,73.30, -350
2024-04-01 23:26:45,2024-04-02,Houston Rockets,26.70,  280
2024-04-01 23:26:45,2024-04-02,Utah Jazz,30.40,  530
2024-04-01 23:26:45,2024-04-02,Cleveland Cavaliers,69.60, -750
2024-04-01 23:26:45,2024-04-02,Denver Nuggets,83.60,-2000
2024-04-01 23:26:45,2024-04-02,San Antonio Spurs,16.40, 1040
2024-04-01 23:26:45,2024-04-02,Golden State Warriors,48.40, -112
2024-04-01 23:26:45,2024-04-02,Dallas Mavericks,51.60, -104
2024-04-01 23:26:45,2024-04-02,Sacramento Kings,36.80,  118
2024-04-01 23:26:45,2024-04-02,LA Clippers,63.20, -138
2024-04-01 23:47:22,2024-04-02,Toronto Raptors,27.50,  610
2024-04-01 23:47:22,2024-04-02,Los Angeles Lakers,72.50, -900
2024-04-01 23:47:22,2024-04-02,Washington Wizards,20.10,  700
2024-04-01 23:47:22,2024-04-02,Milwaukee Bucks,79.90,-1100
2024-04-01 23:47:22,2024-04-02,Philadelphia 76ers,38.40,  166
2024-04-01 23:47:22,2024-04-02,Oklahoma City Thunder,61.60, -198
2024-04-01 23:47:22,2024-04-02,Miami Heat,48.70, -146
2024-04-01 23:47:22,2024-04-02,New York Knicks,51.30,  124
2024-04-01 23:47:22,2024-04-02,Minnesota Timberwolves,73.30, -350
2024-04-01 23:47:22,2024-04-02,Houston Rockets,26.70,  280
2024-04-01 23:47:22,2024-04-02,Utah Jazz,30.40,  540
2024-04-01 23:47:22,2024-04-02,Cleveland Cavaliers,69.60, -770
2024-04-01 23:47:22,2024-04-02,Denver Nuggets,83.60,-2000
2024-04-01 23:47:22,2024-04-02,San Antonio Spurs,16.40, 1040
2024-04-01 23:47:22,2024-04-02,Golden State Warriors,48.40, -112
2024-04-01 23:47:22,2024-04-02,Dallas Mavericks,51.60, -104
2024-04-01 23:47:22,2024-04-02,Sacramento Kings,36.80,  118
2024-04-01 23:47:22,2024-04-02,LA Clippers,63.20, -138
2024-04-02 06:43:01,2024-04-03,Charlotte Hornets,55.10, None
2024-04-02 06:43:01,2024-04-03,Portland Trail Blazers,44.90, None
2024-04-02 06:43:01,2024-04-03,Washington Wizards,22.60, None
2024-04-02 06:43:01,2024-04-03,Los Angeles Lakers,77.40, None
2024-04-02 06:43:01,2024-04-03,Boston Celtics,58.20, None
2024-04-02 06:43:01,2024-04-03,Oklahoma City Thunder,41.80, None
2024-04-02 06:43:01,2024-04-03,Brooklyn Nets,47.10, None
2024-04-02 06:43:01,2024-04-03,Indiana Pacers,52.90, None
2024-04-02 06:43:01,2024-04-03,Atlanta Hawks,74.40, None
2024-04-02 06:43:01,2024-04-03,Detroit Pistons,25.60, None
2024-04-02 06:43:01,2024-04-03,Minnesota Timberwolves,81.90, None
2024-04-02 06:43:01,2024-04-03,Toronto Raptors,18.10, None
2024-04-02 06:43:01,2024-04-03,New Orleans Pelicans,68.20, None
2024-04-02 06:43:01,2024-04-03,Orlando Magic,31.80, None
2024-04-02 06:43:01,2024-04-03,Milwaukee Bucks,83.60, None
2024-04-02 06:43:01,2024-04-03,Memphis Grizzlies,16.40, None
2024-04-02 06:43:01,2024-04-03,Phoenix Suns,55.90, None
2024-04-02 06:43:01,2024-04-03,Cleveland Cavaliers,44.10, None
2024-04-02 22:10:01,2024-04-03,Charlotte Hornets,55.10, -120
2024-04-02 22:10:01,2024-04-03,Portland Trail Blazers,44.90,  102
2024-04-02 22:10:01,2024-04-03,Washington Wizards,22.20,  750
2024-04-02 22:10:01,2024-04-03,Los Angeles Lakers,77.80,-1200
2024-04-02 22:10:01,2024-04-03,Boston Celtics,58.20, -370
2024-04-02 22:10:01,2024-04-03,Oklahoma City Thunder,41.80,  295
2024-04-02 22:10:01,2024-04-03,Brooklyn Nets,47.10,  265
2024-04-02 22:10:01,2024-04-03,Indiana Pacers,52.90, -330
2024-04-02 22:10:01,2024-04-03,Atlanta Hawks,74.40, -950
2024-04-02 22:10:01,2024-04-03,Detroit Pistons,25.60,  640
2024-04-02 22:10:01,2024-04-03,Minnesota Timberwolves,82.00,-1350
2024-04-02 22:10:01,2024-04-03,Toronto Raptors,18.00,  810
2024-04-02 22:10:01,2024-04-03,New Orleans Pelicans,68.20, -172
2024-04-02 22:10:01,2024-04-03,Orlando Magic,31.80,  144
2024-04-02 22:10:01,2024-04-03,Milwaukee Bucks,83.70, -900
2024-04-02 22:10:01,2024-04-03,Memphis Grizzlies,16.30,  610
2024-04-02 22:10:01,2024-04-03,Phoenix Suns,55.90, -255
2024-04-02 22:10:01,2024-04-03,Cleveland Cavaliers,44.10,  210
2024-04-03 02:52:19,2024-04-04,Miami Heat,60.20, None
2024-04-03 02:52:19,2024-04-04,Philadelphia 76ers,39.80, None
2024-04-03 02:52:19,2024-04-04,New York Knicks,65.20, None
2024-04-03 02:52:19,2024-04-04,Sacramento Kings,34.80, None
2024-04-03 02:52:19,2024-04-04,Dallas Mavericks,67.90, None
2024-04-03 02:52:19,2024-04-04,Atlanta Hawks,32.10, None
2024-04-03 02:52:19,2024-04-04,Houston Rockets,55.50, None
2024-04-03 02:52:19,2024-04-04,Golden State Warriors,44.50, None
2024-04-03 02:52:19,2024-04-04,LA Clippers,63.20, None
2024-04-03 02:52:19,2024-04-04,Denver Nuggets,36.80, None
2024-04-03 02:53:27,2024-04-04,Miami Heat,60.20, None
2024-04-03 02:53:27,2024-04-04,Philadelphia 76ers,39.80, None
2024-04-03 02:53:27,2024-04-04,New York Knicks,65.20, None
2024-04-03 02:53:27,2024-04-04,Sacramento Kings,34.80, None
2024-04-03 02:53:27,2024-04-04,Dallas Mavericks,67.90, None
2024-04-03 02:53:27,2024-04-04,Atlanta Hawks,32.10, None
2024-04-03 02:53:27,2024-04-04,Houston Rockets,55.50, None
2024-04-03 02:53:27,2024-04-04,Golden State Warriors,44.50, None
2024-04-03 02:53:27,2024-04-04,LA Clippers,63.20, None
2024-04-03 02:53:27,2024-04-04,Denver Nuggets,36.80, None
2024-04-03 02:56:18,2024-04-04,Miami Heat,60.20, None
2024-04-03 02:56:18,2024-04-04,Philadelphia 76ers,39.80, None
2024-04-03 02:56:18,2024-04-04,New York Knicks,65.20, None
2024-04-03 02:56:18,2024-04-04,Sacramento Kings,34.80, None
2024-04-03 02:56:18,2024-04-04,Dallas Mavericks,67.90, None
2024-04-03 02:56:18,2024-04-04,Atlanta Hawks,32.10, None
2024-04-03 02:56:18,2024-04-04,Houston Rockets,55.50, None
2024-04-03 02:56:18,2024-04-04,Golden State Warriors,44.50, None
2024-04-03 02:56:18,2024-04-04,LA Clippers,63.20, None
2024-04-03 02:56:18,2024-04-04,Denver Nuggets,36.80, None
2024-04-03 02:57:54,2024-04-04,Miami Heat,60.20, None
2024-04-03 02:57:54,2024-04-04,Philadelphia 76ers,39.80, None
2024-04-03 02:57:54,2024-04-04,New York Knicks,65.20, None
2024-04-03 02:57:54,2024-04-04,Sacramento Kings,34.80, None
2024-04-03 02:57:54,2024-04-04,Dallas Mavericks,67.90, None
2024-04-03 02:57:54,2024-04-04,Atlanta Hawks,32.10, None
2024-04-03 02:57:54,2024-04-04,Houston Rockets,55.50, None
2024-04-03 02:57:54,2024-04-04,Golden State Warriors,44.50, None
2024-04-03 02:57:54,2024-04-04,LA Clippers,63.20, None
2024-04-03 02:57:54,2024-04-04,Denver Nuggets,36.80, None
2024-04-03 02:58:17,2024-04-04,Miami Heat,60.20, None
2024-04-03 02:58:17,2024-04-04,Philadelphia 76ers,39.80, None
2024-04-03 02:58:17,2024-04-04,New York Knicks,65.20, None
2024-04-03 02:58:17,2024-04-04,Sacramento Kings,34.80, None
2024-04-03 02:58:17,2024-04-04,Dallas Mavericks,67.90, None
2024-04-03 02:58:17,2024-04-04,Atlanta Hawks,32.10, None
2024-04-03 02:58:17,2024-04-04,Houston Rockets,55.50, None
2024-04-03 02:58:17,2024-04-04,Golden State Warriors,44.50, None
2024-04-03 02:58:17,2024-04-04,LA Clippers,63.20, None
2024-04-03 02:58:17,2024-04-04,Denver Nuggets,36.80, None
2024-04-03 02:59:02,2024-04-04,Miami Heat,60.20, None
2024-04-03 02:59:02,2024-04-04,Philadelphia 76ers,39.80, None
2024-04-03 02:59:02,2024-04-04,New York Knicks,65.20, None
2024-04-03 02:59:02,2024-04-04,Sacramento Kings,34.80, None
2024-04-03 02:59:02,2024-04-04,Dallas Mavericks,67.90, None
2024-04-03 02:59:02,2024-04-04,Atlanta Hawks,32.10, None
2024-04-03 02:59:02,2024-04-04,Houston Rockets,55.50, None
2024-04-03 02:59:02,2024-04-04,Golden State Warriors,44.50, None
2024-04-03 02:59:02,2024-04-04,LA Clippers,63.20, None
2024-04-03 02:59:02,2024-04-04,Denver Nuggets,36.80, None
2024-04-03 02:59:37,2024-04-03,Charlotte Hornets,53.00, -138
2024-04-03 02:59:37,2024-04-03,Portland Trail Blazers,47.00,  118
2024-04-03 02:59:37,2024-04-03,Washington Wizards,24.10,  750
2024-04-03 02:59:37,2024-04-03,Los Angeles Lakers,75.90,-1200
2024-04-03 02:59:37,2024-04-03,Boston Celtics,66.50, -360
2024-04-03 02:59:37,2024-04-03,Oklahoma City Thunder,33.50,  290
2024-04-03 02:59:37,2024-04-03,Brooklyn Nets,42.70,  260
2024-04-03 02:59:37,2024-04-03,Indiana Pacers,57.30, -320
2024-04-03 02:59:37,2024-04-03,Atlanta Hawks,72.60, -770
2024-04-03 02:59:37,2024-04-03,Detroit Pistons,27.40,  540
2024-04-03 02:59:37,2024-04-03,Minnesota Timberwolves,85.20,-1350
2024-04-03 02:59:37,2024-04-03,Toronto Raptors,14.80,  810
2024-04-03 02:59:37,2024-04-03,New Orleans Pelicans,62.80, -188
2024-04-03 02:59:37,2024-04-03,Orlando Magic,37.20,  158
2024-04-03 02:59:37,2024-04-03,Milwaukee Bucks,82.20, -850
2024-04-03 02:59:37,2024-04-03,Memphis Grizzlies,17.80,  590
2024-04-03 02:59:37,2024-04-03,Phoenix Suns,59.30, -235
2024-04-03 02:59:37,2024-04-03,Cleveland Cavaliers,40.70,  194
2024-04-03 03:12:18,2024-04-03,Charlotte Hornets,53.00, -138
2024-04-03 03:12:18,2024-04-03,Portland Trail Blazers,47.00,  118
2024-04-03 03:12:18,2024-04-03,Washington Wizards,24.10,  750
2024-04-03 03:12:18,2024-04-03,Los Angeles Lakers,75.90,-1200
2024-04-03 03:12:18,2024-04-03,Boston Celtics,66.50, -360
2024-04-03 03:12:18,2024-04-03,Oklahoma City Thunder,33.50,  290
2024-04-03 03:12:18,2024-04-03,Brooklyn Nets,42.70,  260
2024-04-03 03:12:18,2024-04-03,Indiana Pacers,57.30, -320
2024-04-03 03:12:18,2024-04-03,Atlanta Hawks,72.60, -770
2024-04-03 03:12:18,2024-04-03,Detroit Pistons,27.40,  540
2024-04-03 03:12:18,2024-04-03,Minnesota Timberwolves,85.20,-1350
2024-04-03 03:12:18,2024-04-03,Toronto Raptors,14.80,  810
2024-04-03 03:12:18,2024-04-03,New Orleans Pelicans,62.80, -188
2024-04-03 03:12:18,2024-04-03,Orlando Magic,37.20,  158
2024-04-03 03:12:18,2024-04-03,Milwaukee Bucks,82.20, -850
2024-04-03 03:12:18,2024-04-03,Memphis Grizzlies,17.80,  590
2024-04-03 03:12:18,2024-04-03,Phoenix Suns,59.30, -235
2024-04-03 03:12:18,2024-04-03,Cleveland Cavaliers,40.70,  194
2024-04-03 03:23:51,2024-04-03,Charlotte Hornets,52.98, -138
2024-04-03 03:23:51,2024-04-03,Portland Trail Blazers,47.02,  118
2024-04-03 03:23:51,2024-04-03,Washington Wizards,75.91,  750
2024-04-03 03:23:51,2024-04-03,Los Angeles Lakers,75.91,-1200
2024-04-03 03:23:51,2024-04-03,Brooklyn Nets,57.25,  260
2024-04-03 03:23:51,2024-04-03,Indiana Pacers,57.25, -320
2024-04-03 03:23:51,2024-04-03,Atlanta Hawks,72.63, -770
2024-04-03 03:23:51,2024-04-03,Detroit Pistons,27.37,  540
2024-04-03 03:23:51,2024-04-03,Boston Celtics,66.54, -450
2024-04-03 03:23:51,2024-04-03,Oklahoma City Thunder,33.46,  350
2024-04-03 03:23:51,2024-04-03,Milwaukee Bucks,82.15, -850
2024-04-03 03:23:51,2024-04-03,Memphis Grizzlies,17.85,  590
2024-04-03 03:23:51,2024-04-03,New Orleans Pelicans,62.81, -190
2024-04-03 03:23:51,2024-04-03,Orlando Magic,37.19,  160
2024-04-03 03:23:51,2024-04-03,Minnesota Timberwolves,85.15,-1350
2024-04-03 03:23:51,2024-04-03,Toronto Raptors,14.85,  810
2024-04-03 03:23:51,2024-04-03,Phoenix Suns,59.33, -235
2024-04-03 03:23:51,2024-04-03,Cleveland Cavaliers,40.67,  194
2024-04-03 03:27:45,2024-04-03,Charlotte Hornets,52.98, -138
2024-04-03 03:27:45,2024-04-03,Portland Trail Blazers,47.02,  118
2024-04-03 03:27:45,2024-04-03,Washington Wizards,75.91,  750
2024-04-03 03:27:45,2024-04-03,Los Angeles Lakers,75.91,-1200
2024-04-03 03:27:45,2024-04-03,Brooklyn Nets,57.25,  260
2024-04-03 03:27:45,2024-04-03,Indiana Pacers,57.25, -320
2024-04-03 03:27:45,2024-04-03,Atlanta Hawks,72.63, -770
2024-04-03 03:27:45,2024-04-03,Detroit Pistons,27.37,  540
2024-04-03 03:27:45,2024-04-03,Boston Celtics,66.54, -360
2024-04-03 03:27:45,2024-04-03,Oklahoma City Thunder,33.46,  290
2024-04-03 03:27:45,2024-04-03,Milwaukee Bucks,82.15, -850
2024-04-03 03:27:45,2024-04-03,Memphis Grizzlies,17.85,  590
2024-04-03 03:27:45,2024-04-03,New Orleans Pelicans,62.81, -188
2024-04-03 03:27:45,2024-04-03,Orlando Magic,37.19,  158
2024-04-03 03:27:45,2024-04-03,Minnesota Timberwolves,85.15,-1350
2024-04-03 03:27:45,2024-04-03,Toronto Raptors,14.85,  810
2024-04-03 03:27:45,2024-04-03,Phoenix Suns,59.33, -235
2024-04-03 03:27:45,2024-04-03,Cleveland Cavaliers,40.67,  194
2024-04-03 03:29:30,2024-04-03,Charlotte Hornets,53.00, -138
2024-04-03 03:29:30,2024-04-03,Portland Trail Blazers,47.00,  118
2024-04-03 03:29:30,2024-04-03,Washington Wizards,75.90,  700
2024-04-03 03:29:30,2024-04-03,Los Angeles Lakers,75.90,-1100
2024-04-03 03:29:30,2024-04-03,Brooklyn Nets,57.30,  260
2024-04-03 03:29:30,2024-04-03,Indiana Pacers,57.30, -320
2024-04-03 03:29:30,2024-04-03,Atlanta Hawks,72.60, -770
2024-04-03 03:29:30,2024-04-03,Detroit Pistons,27.40,  540
2024-04-03 03:29:30,2024-04-03,Boston Celtics,66.50, -450
2024-04-03 03:29:30,2024-04-03,Oklahoma City Thunder,33.50,  350
2024-04-03 03:29:30,2024-04-03,Milwaukee Bucks,82.20, -850
2024-04-03 03:29:30,2024-04-03,Memphis Grizzlies,17.80,  590
2024-04-03 03:29:30,2024-04-03,New Orleans Pelicans,62.80, -190
2024-04-03 03:29:30,2024-04-03,Orlando Magic,37.20,  160
2024-04-03 03:29:30,2024-04-03,Minnesota Timberwolves,85.20,-1350
2024-04-03 03:29:30,2024-04-03,Toronto Raptors,14.80,  810
2024-04-03 03:29:30,2024-04-03,Phoenix Suns,59.30, -235
2024-04-03 03:29:30,2024-04-03,Cleveland Cavaliers,40.70,  194
2024-04-03 03:37:51,2024-04-03,Charlotte Hornets,53.00, -138
2024-04-03 03:37:51,2024-04-03,Portland Trail Blazers,47.00,  118
2024-04-03 03:37:51,2024-04-03,Washington Wizards,75.90,  700
2024-04-03 03:37:51,2024-04-03,Los Angeles Lakers,75.90,-1100
2024-04-03 03:37:51,2024-04-03,Brooklyn Nets,57.30,  260
2024-04-03 03:37:51,2024-04-03,Indiana Pacers,57.30, -320
2024-04-03 03:37:51,2024-04-03,Atlanta Hawks,72.60, -770
2024-04-03 03:37:51,2024-04-03,Detroit Pistons,27.40,  540
2024-04-03 03:37:51,2024-04-03,Boston Celtics,66.50, -450
2024-04-03 03:37:51,2024-04-03,Oklahoma City Thunder,33.50,  350
2024-04-03 03:37:51,2024-04-03,Milwaukee Bucks,82.20, -850
2024-04-03 03:37:51,2024-04-03,Memphis Grizzlies,17.80,  590
2024-04-03 03:37:51,2024-04-03,New Orleans Pelicans,62.80, -190
2024-04-03 03:37:51,2024-04-03,Orlando Magic,37.20,  160
2024-04-03 03:37:51,2024-04-03,Minnesota Timberwolves,85.20,-1350
2024-04-03 03:37:51,2024-04-03,Toronto Raptors,14.80,  810
2024-04-03 03:37:51,2024-04-03,Phoenix Suns,59.30, -235
2024-04-03 03:37:51,2024-04-03,Cleveland Cavaliers,40.70,  194
2024-04-03 03:39:54,2024-04-03,Charlotte Hornets,53.00, -132
2024-04-03 03:39:54,2024-04-03,Portland Trail Blazers,47.00,  112
2024-04-03 03:39:54,2024-04-03,Washington Wizards,24.10,  700
2024-04-03 03:39:54,2024-04-03,Los Angeles Lakers,75.90,-1100
2024-04-03 03:39:54,2024-04-03,Brooklyn Nets,42.70,  260
2024-04-03 03:39:54,2024-04-03,Indiana Pacers,57.30, -320
2024-04-03 03:39:54,2024-04-03,Atlanta Hawks,72.60, -770
2024-04-03 03:39:54,2024-04-03,Detroit Pistons,27.40,  540
2024-04-03 03:39:54,2024-04-03,Boston Celtics,66.50, -450
2024-04-03 03:39:54,2024-04-03,Oklahoma City Thunder,33.50,  350
2024-04-03 03:39:54,2024-04-03,Milwaukee Bucks,82.20, -850
2024-04-03 03:39:54,2024-04-03,Memphis Grizzlies,17.80,  590
2024-04-03 03:39:54,2024-04-03,New Orleans Pelicans,62.80, -190
2024-04-03 03:39:54,2024-04-03,Orlando Magic,37.20,  160
2024-04-03 03:39:54,2024-04-03,Minnesota Timberwolves,85.20,-1350
2024-04-03 03:39:54,2024-04-03,Toronto Raptors,14.80,  810
2024-04-03 03:39:54,2024-04-03,Phoenix Suns,59.30, -235
2024-04-03 03:39:54,2024-04-03,Cleveland Cavaliers,40.70,  194
2024-04-03 22:26:50,2024-04-04,Dallas Mavericks,67.90, -620
2024-04-03 22:26:50,2024-04-04,Atlanta Hawks,32.10,  460
2024-04-03 22:26:50,2024-04-04,Miami Heat,60.20, -142
2024-04-03 22:26:50,2024-04-04,Philadelphia 76ers,39.80,  120
2024-04-03 22:26:50,2024-04-04,New York Knicks,65.70, -158
2024-04-03 22:26:50,2024-04-04,Sacramento Kings,34.30,  134
2024-04-03 22:26:50,2024-04-04,Houston Rockets,55.50,  136
2024-04-03 22:26:50,2024-04-04,Golden State Warriors,44.50, -162
2024-04-03 22:26:50,2024-04-04,LA Clippers,63.10,  130
2024-04-03 22:26:50,2024-04-04,Denver Nuggets,36.90, -154
2024-04-03 23:47:20,2024-04-04,Dallas Mavericks,72.30, -650
2024-04-03 23:47:20,2024-04-04,Atlanta Hawks,27.70,  480
2024-04-03 23:47:20,2024-04-04,Miami Heat,57.20, -142
2024-04-03 23:47:20,2024-04-04,Philadelphia 76ers,42.80,  120
2024-04-03 23:47:20,2024-04-04,New York Knicks,66.50, -174
2024-04-03 23:47:20,2024-04-04,Sacramento Kings,33.50,  146
2024-04-03 23:47:20,2024-04-04,Houston Rockets,49.00,  152
2024-04-03 23:47:20,2024-04-04,Golden State Warriors,51.00, -180
2024-04-03 23:47:20,2024-04-04,LA Clippers,66.60,  126
2024-04-03 23:47:20,2024-04-04,Denver Nuggets,33.40, -148
2024-04-04 06:59:21,2024-04-05,Charlotte Hornets,30.10, None
2024-04-04 06:59:21,2024-04-05,Orlando Magic,69.90, None
2024-04-04 06:59:21,2024-04-05,Indiana Pacers,47.60, None
2024-04-04 06:59:21,2024-04-05,Oklahoma City Thunder,52.40, None
2024-04-04 06:59:21,2024-04-05,Washington Wizards,54.90, None
2024-04-04 06:59:21,2024-04-05,Portland Trail Blazers,45.10, None
2024-04-04 06:59:21,2024-04-05,Boston Celtics,81.20, None
2024-04-04 06:59:21,2024-04-05,Sacramento Kings,18.80, None
2024-04-04 06:59:21,2024-04-05,Chicago Bulls,39.40, None
2024-04-04 06:59:21,2024-04-05,New York Knicks,60.60, None
2024-04-04 06:59:21,2024-04-05,Houston Rockets,49.80, None
2024-04-04 06:59:21,2024-04-05,Miami Heat,50.20, None
2024-04-04 06:59:21,2024-04-05,Memphis Grizzlies,56.20, None
2024-04-04 06:59:21,2024-04-05,Detroit Pistons,43.80, None
2024-04-04 06:59:21,2024-04-05,Milwaukee Bucks,81.20, None
2024-04-04 06:59:21,2024-04-05,Toronto Raptors,18.80, None
2024-04-04 06:59:21,2024-04-05,New Orleans Pelicans,79.30, None
2024-04-04 06:59:21,2024-04-05,San Antonio Spurs,20.70, None
2024-04-04 06:59:21,2024-04-05,Dallas Mavericks,61.40, None
2024-04-04 06:59:21,2024-04-05,Golden State Warriors,38.60, None
2024-04-04 06:59:21,2024-04-05,Phoenix Suns,53.90, None
2024-04-04 06:59:21,2024-04-05,Minnesota Timberwolves,46.10, None
2024-04-04 06:59:21,2024-04-05,LA Clippers,74.40, None
2024-04-04 06:59:21,2024-04-05,Utah Jazz,25.60, None
2024-04-04 17:27:25,2024-04-04,New York Knicks,61.50, -154
2024-04-04 17:27:25,2024-04-04,Sacramento Kings,38.50,  130
2024-04-04 17:27:25,2024-04-04,Dallas Mavericks,72.30, -770
2024-04-04 17:27:25,2024-04-04,Atlanta Hawks,27.70,  540
2024-04-04 17:27:25,2024-04-04,Miami Heat,57.20, -138
2024-04-04 17:27:25,2024-04-04,Philadelphia 76ers,42.80,  118
2024-04-04 17:27:25,2024-04-04,Houston Rockets,51.40,  140
2024-04-04 17:27:25,2024-04-04,Golden State Warriors,48.60, -166
2024-04-04 17:27:25,2024-04-04,LA Clippers,63.50,  142
2024-04-04 17:27:25,2024-04-04,Denver Nuggets,36.50, -168
2024-04-04 23:10:50,2024-04-05,Charlotte Hornets,30.30,  530
2024-04-04 23:10:50,2024-04-05,Orlando Magic,69.70, -750
2024-04-04 23:10:50,2024-04-05,Washington Wizards,56.00, -126
2024-04-04 23:10:50,2024-04-05,Portland Trail Blazers,44.00,  108
2024-04-04 23:10:50,2024-04-05,Indiana Pacers,47.60, -180
2024-04-04 23:10:50,2024-04-05,Oklahoma City Thunder,52.40,  152
2024-04-04 23:10:50,2024-04-05,Boston Celtics,82.70, -390
2024-04-04 23:10:50,2024-04-05,Sacramento Kings,17.30,  310
2024-04-04 23:10:50,2024-04-05,Chicago Bulls,39.10, -112
2024-04-04 23:10:50,2024-04-05,New York Knicks,60.90, -104
2024-04-04 23:10:50,2024-04-05,Milwaukee Bucks,81.20,-2000
2024-04-04 23:10:50,2024-04-05,Toronto Raptors,18.80, 1040
2024-04-04 23:10:50,2024-04-05,New Orleans Pelicans,79.30, -720
2024-04-04 23:10:50,2024-04-05,San Antonio Spurs,20.70,  520
2024-04-04 23:10:50,2024-04-05,Houston Rockets,49.70, -112
2024-04-04 23:10:50,2024-04-05,Miami Heat,50.30, -104
2024-04-04 23:10:50,2024-04-05,Memphis Grizzlies,56.20, None
2024-04-04 23:10:50,2024-04-05,Detroit Pistons,43.80, None
2024-04-04 23:10:50,2024-04-05,Dallas Mavericks,61.40, -210
2024-04-04 23:10:50,2024-04-05,Golden State Warriors,38.60,  180
2024-04-04 23:10:50,2024-04-05,Phoenix Suns,53.40, -152
2024-04-04 23:10:50,2024-04-05,Minnesota Timberwolves,46.60,  128
2024-04-04 23:10:50,2024-04-05,LA Clippers,74.40, None
2024-04-04 23:10:50,2024-04-05,Utah Jazz,25.60, None
2024-04-06 03:15:33,2024-04-06,Los Angeles Lakers,52.90, -196
2024-04-06 03:15:33,2024-04-06,Cleveland Cavaliers,47.10,  164
2024-04-06 03:15:33,2024-04-06,Brooklyn Nets,71.20, -370
2024-04-06 03:15:33,2024-04-06,Detroit Pistons,28.80,  295
2024-04-06 03:15:33,2024-04-06,Memphis Grizzlies,27.20,  660
2024-04-06 03:15:33,2024-04-06,Philadelphia 76ers,72.80, -950
2024-04-06 03:15:33,2024-04-06,Denver Nuggets,81.70, -750
2024-04-06 03:15:33,2024-04-06,Atlanta Hawks,18.30,  530
2024-04-06 03:26:07,2024-04-07,LA Clippers,64.00, None
2024-04-06 03:26:07,2024-04-07,Cleveland Cavaliers,36.00, None
2024-04-06 03:26:07,2024-04-07,Dallas Mavericks,70.20, None
2024-04-06 03:26:07,2024-04-07,Houston Rockets,29.80, None
2024-04-06 03:26:07,2024-04-07,Indiana Pacers,58.30, None
2024-04-06 03:26:07,2024-04-07,Miami Heat,41.70, None
2024-04-06 03:26:07,2024-04-07,Orlando Magic,70.10, None
2024-04-06 03:26:07,2024-04-07,Chicago Bulls,29.90, None
2024-04-06 03:26:07,2024-04-07,Phoenix Suns,61.60, None
2024-04-06 03:26:07,2024-04-07,New Orleans Pelicans,38.40, None
2024-04-06 03:26:07,2024-04-07,Boston Celtics,94.00, None
2024-04-06 03:26:07,2024-04-07,Portland Trail Blazers, 6.00, None
2024-04-06 03:26:07,2024-04-07,Charlotte Hornets,22.10, None
2024-04-06 03:26:07,2024-04-07,Oklahoma City Thunder,77.90, None
2024-04-06 03:26:07,2024-04-07,Toronto Raptors,58.90, None
2024-04-06 03:26:07,2024-04-07,Washington Wizards,41.10, None
2024-04-06 03:26:07,2024-04-07,San Antonio Spurs,30.40, None
2024-04-06 03:26:07,2024-04-07,Philadelphia 76ers,69.60, None
2024-04-06 03:26:07,2024-04-07,Milwaukee Bucks,67.20, None
2024-04-06 03:26:07,2024-04-07,New York Knicks,32.80, None
2024-04-06 03:26:07,2024-04-07,Brooklyn Nets,39.60, None
2024-04-06 03:26:07,2024-04-07,Sacramento Kings,60.40, None
2024-04-06 03:26:07,2024-04-07,Golden State Warriors,74.10, None
2024-04-06 03:26:07,2024-04-07,Utah Jazz,25.90, None
2024-04-06 03:26:07,2024-04-07,Los Angeles Lakers,44.90, None
2024-04-06 03:26:07,2024-04-07,Minnesota Timberwolves,55.10, None
2024-04-06 03:42:49,2024-04-06,Los Angeles Lakers,52.90, -196
2024-04-06 03:42:49,2024-04-06,Cleveland Cavaliers,47.10,  164
2024-04-06 03:42:49,2024-04-06,Brooklyn Nets,71.20, -370
2024-04-06 03:42:49,2024-04-06,Detroit Pistons,28.80,  295
2024-04-06 03:42:49,2024-04-06,Memphis Grizzlies,27.20,  660
2024-04-06 03:42:49,2024-04-06,Philadelphia 76ers,72.80, -950
2024-04-06 03:42:49,2024-04-06,Denver Nuggets,81.70, -750
2024-04-06 03:42:49,2024-04-06,Atlanta Hawks,18.30,  530
2024-04-06 03:43:08,2024-04-07,LA Clippers,64.00, None
2024-04-06 03:43:08,2024-04-07,Cleveland Cavaliers,36.00, None
2024-04-06 03:43:08,2024-04-07,Dallas Mavericks,70.20, None
2024-04-06 03:43:08,2024-04-07,Houston Rockets,29.80, None
2024-04-06 03:43:08,2024-04-07,Indiana Pacers,58.30, None
2024-04-06 03:43:08,2024-04-07,Miami Heat,41.70, None
2024-04-06 03:43:08,2024-04-07,Orlando Magic,70.10, None
2024-04-06 03:43:08,2024-04-07,Chicago Bulls,29.90, None
2024-04-06 03:43:08,2024-04-07,Phoenix Suns,61.60, None
2024-04-06 03:43:08,2024-04-07,New Orleans Pelicans,38.40, None
2024-04-06 03:43:08,2024-04-07,Boston Celtics,94.00, None
2024-04-06 03:43:08,2024-04-07,Portland Trail Blazers, 6.00, None
2024-04-06 03:43:08,2024-04-07,Charlotte Hornets,22.10, None
2024-04-06 03:43:08,2024-04-07,Oklahoma City Thunder,77.90, None
2024-04-06 03:43:08,2024-04-07,Toronto Raptors,58.90, None
2024-04-06 03:43:08,2024-04-07,Washington Wizards,41.10, None
2024-04-06 03:43:08,2024-04-07,San Antonio Spurs,30.40, None
2024-04-06 03:43:08,2024-04-07,Philadelphia 76ers,69.60, None
2024-04-06 03:43:08,2024-04-07,Milwaukee Bucks,67.20, None
2024-04-06 03:43:08,2024-04-07,New York Knicks,32.80, None
2024-04-06 03:43:08,2024-04-07,Brooklyn Nets,39.60, None
2024-04-06 03:43:08,2024-04-07,Sacramento Kings,60.40, None
2024-04-06 03:43:08,2024-04-07,Golden State Warriors,74.10, None
2024-04-06 03:43:08,2024-04-07,Utah Jazz,25.90, None
2024-04-06 03:43:08,2024-04-07,Los Angeles Lakers,44.90, None
2024-04-06 03:43:08,2024-04-07,Minnesota Timberwolves,55.10, None
2024-04-06 03:45:21,2024-04-06,Los Angeles Lakers,52.90, -196
2024-04-06 03:45:21,2024-04-06,Cleveland Cavaliers,47.10,  164
2024-04-06 03:45:21,2024-04-06,Brooklyn Nets,71.20, -370
2024-04-06 03:45:21,2024-04-06,Detroit Pistons,28.80,  295
2024-04-06 03:45:21,2024-04-06,Memphis Grizzlies,27.20,  660
2024-04-06 03:45:21,2024-04-06,Philadelphia 76ers,72.80, -950
2024-04-06 03:45:21,2024-04-06,Denver Nuggets,81.70, -750
2024-04-06 03:45:21,2024-04-06,Atlanta Hawks,18.30,  530
2024-04-06 03:45:38,2024-04-07,LA Clippers,64.00, None
2024-04-06 03:45:38,2024-04-07,Cleveland Cavaliers,36.00, None
2024-04-06 03:45:38,2024-04-07,Dallas Mavericks,70.20, None
2024-04-06 03:45:38,2024-04-07,Houston Rockets,29.80, None
2024-04-06 03:45:38,2024-04-07,Indiana Pacers,58.30, None
2024-04-06 03:45:38,2024-04-07,Miami Heat,41.70, None
2024-04-06 03:45:38,2024-04-07,Orlando Magic,70.10, None
2024-04-06 03:45:38,2024-04-07,Chicago Bulls,29.90, None
2024-04-06 03:45:38,2024-04-07,Phoenix Suns,61.60, None
2024-04-06 03:45:38,2024-04-07,New Orleans Pelicans,38.40, None
2024-04-06 03:45:38,2024-04-07,Boston Celtics,94.00, None
2024-04-06 03:45:38,2024-04-07,Portland Trail Blazers, 6.00, None
2024-04-06 03:45:38,2024-04-07,Charlotte Hornets,22.10, None
2024-04-06 03:45:38,2024-04-07,Oklahoma City Thunder,77.90, None
2024-04-06 03:45:38,2024-04-07,Toronto Raptors,58.90, None
2024-04-06 03:45:38,2024-04-07,Washington Wizards,41.10, None
2024-04-06 03:45:38,2024-04-07,San Antonio Spurs,30.40, None
2024-04-06 03:45:38,2024-04-07,Philadelphia 76ers,69.60, None
2024-04-06 03:45:38,2024-04-07,Milwaukee Bucks,67.20, None
2024-04-06 03:45:38,2024-04-07,New York Knicks,32.80, None
2024-04-06 03:45:38,2024-04-07,Brooklyn Nets,39.60, None
2024-04-06 03:45:38,2024-04-07,Sacramento Kings,60.40, None
2024-04-06 03:45:38,2024-04-07,Golden State Warriors,74.10, None
2024-04-06 03:45:38,2024-04-07,Utah Jazz,25.90, None
2024-04-06 03:45:38,2024-04-07,Los Angeles Lakers,44.90, None
2024-04-06 03:45:38,2024-04-07,Minnesota Timberwolves,55.10, None
2024-04-06 17:23:01,2024-04-07,LA Clippers,64.00, -196
2024-04-06 17:23:01,2024-04-07,Cleveland Cavaliers,36.00,  164
2024-04-06 17:23:01,2024-04-07,Dallas Mavericks,70.20, -310
2024-04-06 17:23:01,2024-04-07,Houston Rockets,29.80,  250
2024-04-06 17:23:01,2024-04-07,Indiana Pacers,58.30, -116
2024-04-06 17:23:01,2024-04-07,Miami Heat,41.70, -102
2024-04-06 17:23:01,2024-04-07,Orlando Magic,70.10, -340
2024-04-06 17:23:01,2024-04-07,Chicago Bulls,29.90,  275
2024-04-06 17:23:01,2024-04-07,Phoenix Suns,61.60, None
2024-04-06 17:23:01,2024-04-07,New Orleans Pelicans,38.40, None
2024-04-06 17:23:01,2024-04-07,Boston Celtics,94.00, None
2024-04-06 17:23:01,2024-04-07,Portland Trail Blazers, 6.00, None
2024-04-06 17:23:01,2024-04-07,Charlotte Hornets,22.10, None
2024-04-06 17:23:01,2024-04-07,Oklahoma City Thunder,77.90, None
2024-04-06 17:23:01,2024-04-07,Toronto Raptors,58.90, None
2024-04-06 17:23:01,2024-04-07,Washington Wizards,41.10, None
2024-04-06 17:23:01,2024-04-07,San Antonio Spurs,30.40, None
2024-04-06 17:23:01,2024-04-07,Philadelphia 76ers,69.60, None
2024-04-06 17:23:01,2024-04-07,Milwaukee Bucks,67.20, None
2024-04-06 17:23:01,2024-04-07,New York Knicks,32.80, None
2024-04-06 17:23:01,2024-04-07,Brooklyn Nets,39.60, None
2024-04-06 17:23:01,2024-04-07,Sacramento Kings,60.40, None
2024-04-06 17:23:01,2024-04-07,Golden State Warriors,74.10, None
2024-04-06 17:23:01,2024-04-07,Utah Jazz,25.90, None
2024-04-06 17:23:01,2024-04-07,Los Angeles Lakers,44.90, None
2024-04-06 17:23:01,2024-04-07,Minnesota Timberwolves,55.10, None
2024-04-06 23:05:40,2024-04-07,LA Clippers,69.00, -168
2024-04-06 23:05:40,2024-04-07,Cleveland Cavaliers,31.00,  142
2024-04-06 23:05:40,2024-04-07,Dallas Mavericks,70.20, -290
2024-04-06 23:05:40,2024-04-07,Houston Rockets,29.80,  235
2024-04-06 23:05:40,2024-04-07,Indiana Pacers,59.20, -116
2024-04-06 23:05:40,2024-04-07,Miami Heat,40.80, -102
2024-04-06 23:05:40,2024-04-07,Orlando Magic,70.50, -310
2024-04-06 23:05:40,2024-04-07,Chicago Bulls,29.50,  250
2024-04-06 23:05:40,2024-04-07,Phoenix Suns,61.60, -270
2024-04-06 23:05:40,2024-04-07,New Orleans Pelicans,38.40,  220
2024-04-06 23:05:40,2024-04-07,Boston Celtics,92.30,-1400
2024-04-06 23:05:40,2024-04-07,Portland Trail Blazers, 7.70,  830
2024-04-06 23:05:40,2024-04-07,Charlotte Hornets,19.90,  285
2024-04-06 23:05:40,2024-04-07,Oklahoma City Thunder,80.10, -355
2024-04-06 23:05:40,2024-04-07,Toronto Raptors,54.50, -174
2024-04-06 23:05:40,2024-04-07,Washington Wizards,45.50,  146
2024-04-06 23:05:40,2024-04-07,San Antonio Spurs,30.50,  245
2024-04-06 23:05:40,2024-04-07,Philadelphia 76ers,69.50, -300
2024-04-06 23:05:40,2024-04-07,Milwaukee Bucks,67.20, -164
2024-04-06 23:05:40,2024-04-07,New York Knicks,32.80,  138
2024-04-06 23:05:40,2024-04-07,Brooklyn Nets,39.70,  250
2024-04-06 23:05:40,2024-04-07,Sacramento Kings,60.30, -310
2024-04-06 23:05:40,2024-04-07,Golden State Warriors,73.70, -560
2024-04-06 23:05:40,2024-04-07,Utah Jazz,26.30,  420
2024-04-06 23:05:40,2024-04-07,Los Angeles Lakers,44.90, -142
2024-04-06 23:05:40,2024-04-07,Minnesota Timberwolves,55.10,  120
2024-04-08 19:13:31,2024-04-09,Toronto Raptors,41.40,  360
2024-04-08 19:13:31,2024-04-09,Indiana Pacers,58.60, -460
2024-04-08 19:13:31,2024-04-09,Charlotte Hornets,26.60,  490
2024-04-08 19:13:31,2024-04-09,Dallas Mavericks,73.40, -670
2024-04-08 19:13:31,2024-04-09,Philadelphia 76ers,81.30,-1600
2024-04-08 19:13:31,2024-04-09,Detroit Pistons,18.70,  900
2024-04-08 19:13:31,2024-04-09,Atlanta Hawks,43.00,  138
2024-04-08 19:13:31,2024-04-09,Miami Heat,57.00, -164
2024-04-08 19:13:31,2024-04-09,Milwaukee Bucks,42.10,  110
2024-04-08 19:13:31,2024-04-09,Boston Celtics,57.90, -130
2024-04-08 19:13:31,2024-04-09,Memphis Grizzlies,54.00,  130
2024-04-08 19:13:31,2024-04-09,San Antonio Spurs,46.00, -154
2024-04-08 19:13:31,2024-04-09,Houston Rockets,54.70,  114
2024-04-08 19:13:31,2024-04-09,Orlando Magic,45.30, -134
2024-04-08 19:13:31,2024-04-09,Oklahoma City Thunder,73.90, -168
2024-04-08 19:13:31,2024-04-09,Sacramento Kings,26.10,  142
2024-04-08 19:13:31,2024-04-09,Minnesota Timberwolves,89.00,-2200
2024-04-08 19:13:31,2024-04-09,Washington Wizards,11.00, 1100
2024-04-08 19:13:31,2024-04-09,Chicago Bulls,43.70,  138
2024-04-08 19:13:31,2024-04-09,New York Knicks,56.30, -164
2024-04-08 19:13:31,2024-04-09,Utah Jazz,29.90,  700
2024-04-08 19:13:31,2024-04-09,Denver Nuggets,70.10,-1100
2024-04-08 19:13:31,2024-04-09,Phoenix Suns,57.20, -162
2024-04-08 19:13:31,2024-04-09,LA Clippers,42.80,  136
2024-04-08 19:13:31,2024-04-09,Portland Trail Blazers,23.00,  440
2024-04-08 19:13:31,2024-04-09,New Orleans Pelicans,77.00, -590
2024-04-08 19:13:31,2024-04-09,Los Angeles Lakers,66.60, -134
2024-04-08 19:13:31,2024-04-09,Golden State Warriors,33.40,  114
2024-04-08 19:24:00,2024-04-09,Toronto Raptors,41.40,  360
2024-04-08 19:24:00,2024-04-09,Indiana Pacers,58.60, -460
2024-04-08 19:24:00,2024-04-09,Charlotte Hornets,26.60,  490
2024-04-08 19:24:00,2024-04-09,Dallas Mavericks,73.40, -670
2024-04-08 19:24:00,2024-04-09,Philadelphia 76ers,81.30,-1600
2024-04-08 19:24:00,2024-04-09,Detroit Pistons,18.70,  900
2024-04-08 19:24:00,2024-04-09,Atlanta Hawks,43.00,  138
2024-04-08 19:24:00,2024-04-09,Miami Heat,57.00, -164
2024-04-08 19:24:00,2024-04-09,Milwaukee Bucks,42.10,  110
2024-04-08 19:24:00,2024-04-09,Boston Celtics,57.90, -130
2024-04-08 19:24:00,2024-04-09,Memphis Grizzlies,54.00,  130
2024-04-08 19:24:00,2024-04-09,San Antonio Spurs,46.00, -154
2024-04-08 19:24:00,2024-04-09,Houston Rockets,54.70,  114
2024-04-08 19:24:00,2024-04-09,Orlando Magic,45.30, -134
2024-04-08 19:24:00,2024-04-09,Oklahoma City Thunder,73.90, -168
2024-04-08 19:24:00,2024-04-09,Sacramento Kings,26.10,  142
2024-04-08 19:24:00,2024-04-09,Minnesota Timberwolves,89.00,-2200
2024-04-08 19:24:00,2024-04-09,Washington Wizards,11.00, 1100
2024-04-08 19:24:00,2024-04-09,Chicago Bulls,43.70,  138
2024-04-08 19:24:00,2024-04-09,New York Knicks,56.30, -164
2024-04-08 19:24:00,2024-04-09,Utah Jazz,29.90,  730
2024-04-08 19:24:00,2024-04-09,Denver Nuggets,70.10,-1150
2024-04-08 19:24:00,2024-04-09,Phoenix Suns,57.20, -162
2024-04-08 19:24:00,2024-04-09,LA Clippers,42.80,  136
2024-04-08 19:24:00,2024-04-09,Portland Trail Blazers,23.00,  440
2024-04-08 19:24:00,2024-04-09,New Orleans Pelicans,77.00, -590
2024-04-08 19:24:00,2024-04-09,Los Angeles Lakers,66.60, -134
2024-04-08 19:24:00,2024-04-09,Golden State Warriors,33.40,  114
2024-04-08 19:26:09,2024-04-09,Toronto Raptors,41.40,  360
2024-04-08 19:26:09,2024-04-09,Indiana Pacers,58.60, -460
2024-04-08 19:26:09,2024-04-09,Charlotte Hornets,26.60,  490
2024-04-08 19:26:09,2024-04-09,Dallas Mavericks,73.40, -670
2024-04-08 19:26:09,2024-04-09,Philadelphia 76ers,81.30,-1600
2024-04-08 19:26:09,2024-04-09,Detroit Pistons,18.70,  900
2024-04-08 19:26:09,2024-04-09,Atlanta Hawks,43.00,  138
2024-04-08 19:26:09,2024-04-09,Miami Heat,57.00, -164
2024-04-08 19:26:09,2024-04-09,Milwaukee Bucks,42.10,  110
2024-04-08 19:26:09,2024-04-09,Boston Celtics,57.90, -130
2024-04-08 19:26:09,2024-04-09,Memphis Grizzlies,54.00,  130
2024-04-08 19:26:09,2024-04-09,San Antonio Spurs,46.00, -154
2024-04-08 19:26:09,2024-04-09,Houston Rockets,54.70,  114
2024-04-08 19:26:09,2024-04-09,Orlando Magic,45.30, -134
2024-04-08 19:26:09,2024-04-09,Oklahoma City Thunder,73.90, -168
2024-04-08 19:26:09,2024-04-09,Sacramento Kings,26.10,  142
2024-04-08 19:26:09,2024-04-09,Minnesota Timberwolves,89.00,-2200
2024-04-08 19:26:09,2024-04-09,Washington Wizards,11.00, 1100
2024-04-08 19:26:09,2024-04-09,Chicago Bulls,43.70,  138
2024-04-08 19:26:09,2024-04-09,New York Knicks,56.30, -164
2024-04-08 19:26:09,2024-04-09,Utah Jazz,29.90,  730
2024-04-08 19:26:09,2024-04-09,Denver Nuggets,70.10,-1150
2024-04-08 19:26:09,2024-04-09,Phoenix Suns,57.20, -162
2024-04-08 19:26:09,2024-04-09,LA Clippers,42.80,  136
2024-04-08 19:26:09,2024-04-09,Portland Trail Blazers,23.00,  440
2024-04-08 19:26:09,2024-04-09,New Orleans Pelicans,77.00, -590
2024-04-08 19:26:09,2024-04-09,Los Angeles Lakers,66.60, -134
2024-04-08 19:26:09,2024-04-09,Golden State Warriors,33.40,  114
2024-04-08 19:39:09,2024-04-09,Toronto Raptors,41.40,  360
2024-04-08 19:39:09,2024-04-09,Indiana Pacers,58.60, -460
2024-04-08 19:39:09,2024-04-09,Charlotte Hornets,22.20,  490
2024-04-08 19:39:09,2024-04-09,Dallas Mavericks,77.80, -670
2024-04-08 19:39:09,2024-04-09,Philadelphia 76ers,81.30,-1600
2024-04-08 19:39:09,2024-04-09,Detroit Pistons,18.70,  900
2024-04-08 19:39:09,2024-04-09,Atlanta Hawks,43.00,  138
2024-04-08 19:39:09,2024-04-09,Miami Heat,57.00, -164
2024-04-08 19:39:09,2024-04-09,Milwaukee Bucks,42.10,  104
2024-04-08 19:39:09,2024-04-09,Boston Celtics,57.90, -122
2024-04-08 19:39:09,2024-04-09,Memphis Grizzlies,54.00,  130
2024-04-08 19:39:09,2024-04-09,San Antonio Spurs,46.00, -154
2024-04-08 19:39:09,2024-04-09,Houston Rockets,55.50,  114
2024-04-08 19:39:09,2024-04-09,Orlando Magic,44.50, -134
2024-04-08 19:39:09,2024-04-09,Oklahoma City Thunder,73.90, -168
2024-04-08 19:39:09,2024-04-09,Sacramento Kings,26.10,  142
2024-04-08 19:39:09,2024-04-09,Minnesota Timberwolves,89.00,-2200
2024-04-08 19:39:09,2024-04-09,Washington Wizards,11.00, 1100
2024-04-08 19:39:09,2024-04-09,Chicago Bulls,43.70,  138
2024-04-08 19:39:09,2024-04-09,New York Knicks,56.30, -164
2024-04-08 19:39:09,2024-04-09,Utah Jazz,29.90,  730
2024-04-08 19:39:09,2024-04-09,Denver Nuggets,70.10,-1150
2024-04-08 19:39:09,2024-04-09,Phoenix Suns,51.20, -162
2024-04-08 19:39:09,2024-04-09,LA Clippers,48.80,  136
2024-04-08 19:39:09,2024-04-09,Portland Trail Blazers,23.00,  440
2024-04-08 19:39:09,2024-04-09,New Orleans Pelicans,77.00, -590
2024-04-08 19:39:09,2024-04-09,Los Angeles Lakers,66.60, -134
2024-04-08 19:39:09,2024-04-09,Golden State Warriors,33.40,  114
2024-04-08 19:40:30,2024-04-09,Toronto Raptors,41.40,  360
2024-04-08 19:40:30,2024-04-09,Indiana Pacers,58.60, -460
2024-04-08 19:40:30,2024-04-09,Charlotte Hornets,22.20,  490
2024-04-08 19:40:30,2024-04-09,Dallas Mavericks,77.80, -670
2024-04-08 19:40:30,2024-04-09,Philadelphia 76ers,81.30,-1600
2024-04-08 19:40:30,2024-04-09,Detroit Pistons,18.70,  900
2024-04-08 19:40:30,2024-04-09,Atlanta Hawks,43.00,  138
2024-04-08 19:40:30,2024-04-09,Miami Heat,57.00, -164
2024-04-08 19:40:30,2024-04-09,Milwaukee Bucks,42.10,  104
2024-04-08 19:40:30,2024-04-09,Boston Celtics,57.90, -122
2024-04-08 19:40:30,2024-04-09,Memphis Grizzlies,54.00,  130
2024-04-08 19:40:30,2024-04-09,San Antonio Spurs,46.00, -154
2024-04-08 19:40:30,2024-04-09,Houston Rockets,55.50,  114
2024-04-08 19:40:30,2024-04-09,Orlando Magic,44.50, -134
2024-04-08 19:40:30,2024-04-09,Oklahoma City Thunder,73.90, -168
2024-04-08 19:40:30,2024-04-09,Sacramento Kings,26.10,  142
2024-04-08 19:40:30,2024-04-09,Minnesota Timberwolves,89.00,-2200
2024-04-08 19:40:30,2024-04-09,Washington Wizards,11.00, 1100
2024-04-08 19:40:30,2024-04-09,Chicago Bulls,43.70,  138
2024-04-08 19:40:30,2024-04-09,New York Knicks,56.30, -164
2024-04-08 19:40:30,2024-04-09,Utah Jazz,29.90,  730
2024-04-08 19:40:30,2024-04-09,Denver Nuggets,70.10,-1150
2024-04-08 19:40:30,2024-04-09,Phoenix Suns,51.20, -162
2024-04-08 19:40:30,2024-04-09,LA Clippers,48.80,  136
2024-04-08 19:40:30,2024-04-09,Portland Trail Blazers,23.00,  440
2024-04-08 19:40:30,2024-04-09,New Orleans Pelicans,77.00, -590
2024-04-08 19:40:30,2024-04-09,Los Angeles Lakers,66.60, -134
2024-04-08 19:40:30,2024-04-09,Golden State Warriors,33.40,  114
2024-04-10 07:09:56,2024-04-10,Cleveland Cavaliers,82.10,-2000
2024-04-10 07:09:56,2024-04-10,Memphis Grizzlies,17.90, 1040
2024-04-10 07:09:56,2024-04-10,Miami Heat,50.90,  172
2024-04-10 07:09:56,2024-04-10,Dallas Mavericks,49.10, -205
2024-04-10 07:09:56,2024-04-10,Brooklyn Nets,60.90, -500
2024-04-10 07:09:56,2024-04-10,Toronto Raptors,39.10,  385
2024-04-10 07:09:56,2024-04-10,Atlanta Hawks,74.10, -560
2024-04-10 07:09:56,2024-04-10,Charlotte Hornets,25.90,  420
2024-04-10 07:09:56,2024-04-10,Oklahoma City Thunder,84.50,-1200
2024-04-10 07:09:56,2024-04-10,San Antonio Spurs,15.50,  750
2024-04-10 07:09:56,2024-04-10,Milwaukee Bucks,67.30, -104
2024-04-10 07:09:56,2024-04-10,Orlando Magic,32.70, -112
2024-04-10 07:09:56,2024-04-10,Denver Nuggets,60.40, -230
2024-04-10 07:09:56,2024-04-10,Minnesota Timberwolves,39.60,  190
2024-04-10 07:09:56,2024-04-10,LA Clippers,69.90,  120
2024-04-10 07:09:56,2024-04-10,Phoenix Suns,30.10, -142
2024-04-11 20:14:46,2024-04-11,Detroit Pistons,31.80,  400
2024-04-11 20:14:46,2024-04-11,Chicago Bulls,68.20, -520
2024-04-11 20:14:46,2024-04-11,Boston Celtics,78.10, -148
2024-04-11 20:14:46,2024-04-11,New York Knicks,21.90,  126
2024-04-11 20:14:46,2024-04-11,Utah Jazz,34.70,  410
2024-04-11 20:14:46,2024-04-11,Houston Rockets,65.30, -550
2024-04-11 20:14:46,2024-04-11,Portland Trail Blazers,29.50,  570
2024-04-11 20:14:46,2024-04-11,Golden State Warriors,70.50, -820
2024-04-11 20:14:46,2024-04-11,Sacramento Kings,43.20, -120
2024-04-11 20:14:46,2024-04-11,New Orleans Pelicans,56.80,  102
2024-04-11 20:20:51,2024-04-11,Detroit Pistons,31.80,  400
2024-04-11 20:20:51,2024-04-11,Chicago Bulls,68.20, -520
2024-04-11 20:20:51,2024-04-11,Boston Celtics,78.10, -148
2024-04-11 20:20:51,2024-04-11,New York Knicks,21.90,  126
2024-04-11 20:20:51,2024-04-11,Utah Jazz,34.70,  410
2024-04-11 20:20:51,2024-04-11,Houston Rockets,65.30, -550
2024-04-11 20:20:51,2024-04-11,Portland Trail Blazers,29.50,  570
2024-04-11 20:20:51,2024-04-11,Golden State Warriors,70.50, -820
2024-04-11 20:20:51,2024-04-11,Sacramento Kings,43.20, -116
2024-04-11 20:20:51,2024-04-11,New Orleans Pelicans,56.80, -102
2024-04-11 20:25:55,2024-04-11,Detroit Pistons,31.80,  400
2024-04-11 20:25:55,2024-04-11,Chicago Bulls,68.20, -520
2024-04-11 20:25:55,2024-04-11,Boston Celtics,78.10, -148
2024-04-11 20:25:55,2024-04-11,New York Knicks,21.90,  126
2024-04-11 20:25:55,2024-04-11,Utah Jazz,34.70,  410
2024-04-11 20:25:55,2024-04-11,Houston Rockets,65.30, -550
2024-04-11 20:25:55,2024-04-11,Portland Trail Blazers,29.50,  570
2024-04-11 20:25:55,2024-04-11,Golden State Warriors,70.50, -820
2024-04-11 20:25:55,2024-04-11,Sacramento Kings,43.20, -116
2024-04-11 20:25:55,2024-04-11,New Orleans Pelicans,56.80, -102
2024-04-11 22:46:19,2024-04-12,Washington Wizards,30.80, None
2024-04-11 22:46:19,2024-04-12,Chicago Bulls,69.20, None
2024-04-11 22:46:19,2024-04-12,Philadelphia 76ers,61.30, -255
2024-04-11 22:46:19,2024-04-12,Orlando Magic,38.70,  210
2024-04-11 22:46:19,2024-04-12,New York Knicks,73.60, -600
2024-04-11 22:46:19,2024-04-12,Brooklyn Nets,26.40,  450
2024-04-11 22:46:19,2024-04-12,Boston Celtics,91.80, None
2024-04-11 22:46:19,2024-04-12,Charlotte Hornets, 8.20, None
2024-04-11 22:46:19,2024-04-12,Cleveland Cavaliers,61.30, -148
2024-04-11 22:46:19,2024-04-12,Indiana Pacers,38.70,  126
2024-04-11 22:46:19,2024-04-12,Memphis Grizzlies,23.00,  750
2024-04-11 22:46:19,2024-04-12,Los Angeles Lakers,77.00,-1200
2024-04-11 22:46:19,2024-04-12,Oklahoma City Thunder,67.20, -750
2024-04-11 22:46:19,2024-04-12,Milwaukee Bucks,32.80,  530
2024-04-11 22:46:19,2024-04-12,San Antonio Spurs,30.00,  460
2024-04-11 22:46:19,2024-04-12,Denver Nuggets,70.00, -620
2024-04-11 22:46:19,2024-04-12,Miami Heat,74.80,-1200
2024-04-11 22:46:19,2024-04-12,Toronto Raptors,25.20,  750
2024-04-11 22:46:19,2024-04-12,Minnesota Timberwolves,81.00, -820
2024-04-11 22:46:19,2024-04-12,Atlanta Hawks,19.00,  570
2024-04-11 22:46:19,2024-04-12,Dallas Mavericks,83.00,-1100
2024-04-11 22:46:19,2024-04-12,Detroit Pistons,17.00,  700
2024-04-11 22:46:19,2024-04-12,Golden State Warriors,54.30, None
2024-04-11 22:46:19,2024-04-12,New Orleans Pelicans,45.70, None
2024-04-11 22:46:19,2024-04-12,Portland Trail Blazers,27.30, None
2024-04-11 22:46:19,2024-04-12,Houston Rockets,72.70, None
2024-04-11 22:46:19,2024-04-12,LA Clippers,77.20, None
2024-04-11 22:46:19,2024-04-12,Utah Jazz,22.80, None
2024-04-11 22:46:19,2024-04-12,Sacramento Kings,45.70,  168
2024-04-11 22:46:19,2024-04-12,Phoenix Suns,54.30, -200
2024-04-12 06:33:35,2024-04-12,Philadelphia 76ers,58.60, -300
2024-04-12 06:33:35,2024-04-12,Orlando Magic,41.40,  245
2024-04-12 06:33:35,2024-04-12,Washington Wizards,33.60,  100
2024-04-12 06:33:35,2024-04-12,Chicago Bulls,66.40, -118
2024-04-12 06:33:35,2024-04-12,Cleveland Cavaliers,62.50, -152
2024-04-12 06:33:35,2024-04-12,Indiana Pacers,37.50,  128
2024-04-12 06:33:35,2024-04-12,Boston Celtics,89.20, -330
2024-04-12 06:33:35,2024-04-12,Charlotte Hornets,10.80,  265
2024-04-12 06:33:35,2024-04-12,New York Knicks,69.90, -550
2024-04-12 06:33:35,2024-04-12,Brooklyn Nets,30.10,  410
2024-04-12 06:33:35,2024-04-12,Memphis Grizzlies,24.90,  810
2024-04-12 06:33:35,2024-04-12,Los Angeles Lakers,75.10,-1350
2024-04-12 06:33:35,2024-04-12,Oklahoma City Thunder,62.10, -900
2024-04-12 06:33:35,2024-04-12,Milwaukee Bucks,37.90,  610
2024-04-12 06:33:35,2024-04-12,San Antonio Spurs,27.90,  570
2024-04-12 06:33:35,2024-04-12,Denver Nuggets,72.10, -820
2024-04-12 06:33:35,2024-04-12,Miami Heat,71.90,-1200
2024-04-12 06:33:35,2024-04-12,Toronto Raptors,28.10,  750
2024-04-12 06:33:35,2024-04-12,Minnesota Timberwolves,77.10, -850
2024-04-12 06:33:35,2024-04-12,Atlanta Hawks,22.90,  590
2024-04-12 06:33:35,2024-04-12,Dallas Mavericks,85.30,-1000
2024-04-12 06:33:35,2024-04-12,Detroit Pistons,14.70,  660
2024-04-12 06:33:35,2024-04-12,Golden State Warriors,58.30, -180
2024-04-12 06:33:35,2024-04-12,New Orleans Pelicans,41.70,  152
2024-04-12 06:33:35,2024-04-12,Portland Trail Blazers,30.00,  190
2024-04-12 06:33:35,2024-04-12,Houston Rockets,70.00, -230
2024-04-12 06:33:35,2024-04-12,LA Clippers,81.00, -950
2024-04-12 06:33:35,2024-04-12,Utah Jazz,19.00,  640
2024-04-12 06:33:35,2024-04-12,Sacramento Kings,41.00,  168
2024-04-12 06:33:35,2024-04-12,Phoenix Suns,59.00, -200
2024-04-12 19:30:09,2024-04-12,Washington Wizards,33.60, -124
2024-04-12 19:30:09,2024-04-12,Chicago Bulls,66.40,  106
2024-04-12 19:30:09,2024-04-12,Philadelphia 76ers,58.60, -250
2024-04-12 19:30:09,2024-04-12,Orlando Magic,41.40,  205
2024-04-12 19:30:09,2024-04-12,Boston Celtics,89.20, -290
2024-04-12 19:30:09,2024-04-12,Charlotte Hornets,10.80,  235
2024-04-12 19:30:09,2024-04-12,Cleveland Cavaliers,62.50, -142
2024-04-12 19:30:09,2024-04-12,Indiana Pacers,37.50,  120
2024-04-12 19:30:09,2024-04-12,New York Knicks,69.90, -670
2024-04-12 19:30:09,2024-04-12,Brooklyn Nets,30.10,  490
2024-04-12 19:30:09,2024-04-12,Minnesota Timberwolves,77.10, -620
2024-04-12 19:30:09,2024-04-12,Atlanta Hawks,22.90,  460
2024-04-12 19:30:09,2024-04-12,Memphis Grizzlies,24.90,  830
2024-04-12 19:30:09,2024-04-12,Los Angeles Lakers,75.10,-1400
2024-04-12 19:30:09,2024-04-12,Miami Heat,71.90,-1000
2024-04-12 19:30:09,2024-04-12,Toronto Raptors,28.10,  660
2024-04-12 19:30:09,2024-04-12,Oklahoma City Thunder,62.10,-1000
2024-04-12 19:30:09,2024-04-12,Milwaukee Bucks,37.90,  660
2024-04-12 19:30:09,2024-04-12,San Antonio Spurs,27.90,  480
2024-04-12 19:30:09,2024-04-12,Denver Nuggets,72.10, -650
2024-04-12 19:30:09,2024-04-12,Dallas Mavericks,85.30, -650
2024-04-12 19:30:09,2024-04-12,Detroit Pistons,14.70,  480
2024-04-12 19:30:09,2024-04-12,Portland Trail Blazers,30.00,  190
2024-04-12 19:30:09,2024-04-12,Houston Rockets,70.00, -230
2024-04-12 19:30:09,2024-04-12,Golden State Warriors,58.30, -174
2024-04-12 19:30:09,2024-04-12,New Orleans Pelicans,41.70,  146
2024-04-12 19:30:09,2024-04-12,LA Clippers,81.00,-1500
2024-04-12 19:30:09,2024-04-12,Utah Jazz,19.00,  870
2024-04-12 19:30:09,2024-04-12,Sacramento Kings,41.00,  156
2024-04-12 19:30:09,2024-04-12,Phoenix Suns,59.00, -186
2024-04-13 08:59:07,2024-04-14,Philadelphia 76ers,69.00,-1350
2024-04-13 08:59:07,2024-04-14,Brooklyn Nets,31.00,  810
2024-04-13 08:59:07,2024-04-14,New York Knicks,75.20,-1800
2024-04-13 08:59:07,2024-04-14,Chicago Bulls,24.80,  980
2024-04-13 08:59:07,2024-04-14,Miami Heat,74.90, None
2024-04-13 08:59:07,2024-04-14,Toronto Raptors,25.10, None
2024-04-13 08:59:07,2024-04-14,Boston Celtics,92.60, None
2024-04-13 08:59:07,2024-04-14,Washington Wizards, 7.40, None
2024-04-13 08:59:07,2024-04-14,Indiana Pacers,71.00, -820
2024-04-13 08:59:07,2024-04-14,Atlanta Hawks,29.00,  570
2024-04-13 08:59:07,2024-04-14,Cleveland Cavaliers,84.50,-1350
2024-04-13 08:59:07,2024-04-14,Charlotte Hornets,15.50,  810
2024-04-13 08:59:07,2024-04-14,Orlando Magic,47.70, -188
2024-04-13 08:59:07,2024-04-14,Milwaukee Bucks,52.30,  158
2024-04-13 08:59:07,2024-04-14,LA Clippers,75.80, None
2024-04-13 08:59:07,2024-04-14,Houston Rockets,24.20, None
2024-04-13 08:59:07,2024-04-14,Sacramento Kings,78.90, None
2024-04-13 08:59:07,2024-04-14,Portland Trail Blazers,21.10, None
2024-04-13 08:59:07,2024-04-14,New Orleans Pelicans,64.60, -162
2024-04-13 08:59:07,2024-04-14,Los Angeles Lakers,35.40,  136
2024-04-13 08:59:07,2024-04-14,Oklahoma City Thunder,71.80, None
2024-04-13 08:59:07,2024-04-14,Dallas Mavericks,28.20, None
2024-04-13 08:59:07,2024-04-14,San Antonio Spurs,61.40, None
2024-04-13 08:59:07,2024-04-14,Detroit Pistons,38.60, None
2024-04-13 08:59:07,2024-04-14,Golden State Warriors,76.10, None
2024-04-13 08:59:07,2024-04-14,Utah Jazz,23.90, None
2024-04-13 08:59:07,2024-04-14,Minnesota Timberwolves,67.20, -198
2024-04-13 08:59:07,2024-04-14,Phoenix Suns,32.80,  164
2024-04-13 08:59:07,2024-04-14,Memphis Grizzlies,28.60, None
2024-04-13 08:59:07,2024-04-14,Denver Nuggets,71.40, None
2024-04-13 22:00:06,2024-04-14,Philadelphia 76ers,69.00,-1500
2024-04-13 22:00:06,2024-04-14,Brooklyn Nets,31.00,  870
2024-04-13 22:00:06,2024-04-14,New York Knicks,75.20,-1350
2024-04-13 22:00:06,2024-04-14,Chicago Bulls,24.80,  810
2024-04-13 22:00:06,2024-04-14,Miami Heat,74.90,-1800
2024-04-13 22:00:06,2024-04-14,Toronto Raptors,25.10,  980
2024-04-13 22:00:06,2024-04-14,Boston Celtics,92.60, -460
2024-04-13 22:00:06,2024-04-14,Washington Wizards, 7.40,  360
2024-04-13 22:00:06,2024-04-14,Indiana Pacers,71.00, -950
2024-04-13 22:00:06,2024-04-14,Atlanta Hawks,29.00,  640
2024-04-13 22:00:06,2024-04-14,Cleveland Cavaliers,84.50, -800
2024-04-13 22:00:06,2024-04-14,Charlotte Hornets,15.50,  560
2024-04-13 22:00:06,2024-04-14,Orlando Magic,47.70, -188
2024-04-13 22:00:06,2024-04-14,Milwaukee Bucks,52.30,  158
2024-04-13 22:00:06,2024-04-14,Sacramento Kings,78.90,-2500
2024-04-13 22:00:06,2024-04-14,Portland Trail Blazers,21.10, 1200
2024-04-13 22:00:06,2024-04-14,New Orleans Pelicans,64.60, -166
2024-04-13 22:00:06,2024-04-14,Los Angeles Lakers,35.40,  140
2024-04-13 22:00:06,2024-04-14,San Antonio Spurs,61.40, -245
2024-04-13 22:00:06,2024-04-14,Detroit Pistons,38.60,  205
2024-04-13 22:00:06,2024-04-14,Golden State Warriors,76.10, -330
2024-04-13 22:00:06,2024-04-14,Utah Jazz,23.90,  265
2024-04-13 22:00:06,2024-04-14,Minnesota Timberwolves,67.20, -132
2024-04-13 22:00:06,2024-04-14,Phoenix Suns,32.80,  112
2024-04-13 22:00:06,2024-04-14,Memphis Grizzlies,28.60,  560
2024-04-13 22:00:06,2024-04-14,Denver Nuggets,71.40, -800
2024-04-13 22:00:06,2024-04-14,Oklahoma City Thunder,71.80,-2500
2024-04-13 22:00:06,2024-04-14,Dallas Mavericks,28.20, 1200
2024-04-13 22:00:06,2024-04-14,LA Clippers,75.80,  130
2024-04-13 22:00:06,2024-04-14,Houston Rockets,24.20, -154
2024-04-15 07:02:01,2024-04-16,New Orleans Pelicans,64.70, -106
2024-04-15 07:02:01,2024-04-16,Los Angeles Lakers,35.30, -110
2024-04-15 07:02:01,2024-04-16,Sacramento Kings,56.20,  118
2024-04-15 07:02:01,2024-04-16,Golden State Warriors,43.80, -138
2024-04-15 22:30:31,2024-04-16,New Orleans Pelicans,61.40, -104
2024-04-15 22:30:31,2024-04-16,Los Angeles Lakers,38.60, -112
2024-04-15 22:30:31,2024-04-16,Sacramento Kings,52.70,  120
2024-04-15 22:30:31,2024-04-16,Golden State Warriors,47.30, -142
2024-04-15 22:34:44,2024-04-17,Philadelphia 76ers,56.10, -196
2024-04-15 22:34:44,2024-04-17,Miami Heat,43.90,  164
2024-04-15 22:34:44,2024-04-17,Chicago Bulls,56.20, -148
2024-04-15 22:34:44,2024-04-17,Atlanta Hawks,43.80,  126
2024-04-21 08:05:10,2024-04-21,Boston Celtics,81.10,-1100
2024-04-21 08:05:10,2024-04-21,Miami Heat,18.90,  700
2024-04-21 08:05:10,2024-04-21,LA Clippers,65.70,  124
2024-04-21 08:05:10,2024-04-21,Dallas Mavericks,34.30, -146
2024-04-21 08:05:10,2024-04-21,Milwaukee Bucks,60.80,  100
2024-04-21 08:05:10,2024-04-21,Indiana Pacers,39.20, -118
2024-04-21 08:05:10,2024-04-21,Oklahoma City Thunder,66.00, -350
2024-04-21 08:05:10,2024-04-21,New Orleans Pelicans,34.00,  280
2024-04-22 00:07:33,2024-04-22,Cleveland Cavaliers,58.40, -220
2024-04-22 00:07:33,2024-04-22,Orlando Magic,41.60,  184
2024-04-22 00:07:33,2024-04-22,New York Knicks,61.40, -198
2024-04-22 00:07:33,2024-04-22,Philadelphia 76ers,38.60,  166
2024-04-22 00:07:33,2024-04-22,Denver Nuggets,71.20, -295
2024-04-22 00:07:33,2024-04-22,Los Angeles Lakers,28.80,  240
2024-04-22 00:21:46,2024-04-22,Cleveland Cavaliers,58.40, -220
2024-04-22 00:21:46,2024-04-22,Orlando Magic,41.60,  184
2024-04-22 00:21:46,2024-04-22,New York Knicks,61.40, -198
2024-04-22 00:21:46,2024-04-22,Philadelphia 76ers,38.60,  166
2024-04-22 00:21:46,2024-04-22,Denver Nuggets,71.20, -295
2024-04-22 00:21:46,2024-04-22,Los Angeles Lakers,28.80,  240
2024-04-22 07:21:10,2024-04-22,Cleveland Cavaliers,58.40, -220
2024-04-22 07:21:10,2024-04-22,Orlando Magic,41.60,  184
2024-04-22 07:21:10,2024-04-22,New York Knicks,61.40, -196
2024-04-22 07:21:10,2024-04-22,Philadelphia 76ers,38.60,  164
2024-04-22 07:21:10,2024-04-22,Denver Nuggets,71.20, -295
2024-04-22 07:21:10,2024-04-22,Los Angeles Lakers,28.80,  240
2024-04-22 21:36:42,2024-04-22,Cleveland Cavaliers,58.40, -215
2024-04-22 21:36:42,2024-04-22,Orlando Magic,41.60,  180
2024-04-22 21:36:42,2024-04-22,New York Knicks,61.40, -180
2024-04-22 21:36:42,2024-04-22,Philadelphia 76ers,38.60,  140
2024-04-22 21:36:42,2024-04-22,Denver Nuggets,71.20, -290
2024-04-22 21:36:42,2024-04-22,Los Angeles Lakers,28.80,  235
2024-04-23 00:49:53,2024-04-23,Minnesota Timberwolves,60.30, -154
2024-04-23 00:49:53,2024-04-23,Phoenix Suns,39.70,  130
2024-04-23 00:49:53,2024-04-23,Milwaukee Bucks,60.80, -116
2024-04-23 00:49:53,2024-04-23,Indiana Pacers,39.20, -102
2024-04-23 00:49:53,2024-04-23,LA Clippers,65.70,  122
2024-04-23 00:49:53,2024-04-23,Dallas Mavericks,34.30, -144
2024-04-23 21:56:00,2024-04-24,Boston Celtics,81.10,-1200
2024-04-23 21:56:00,2024-04-24,Miami Heat,18.90,  750
2024-04-23 21:56:00,2024-04-24,Oklahoma City Thunder,66.00, -320
2024-04-23 21:56:00,2024-04-24,New Orleans Pelicans,34.00,  260
2024-04-25 07:23:41,2024-04-25,Orlando Magic,48.40, -126
2024-04-25 07:23:41,2024-04-25,Cleveland Cavaliers,51.60,  108
2024-04-25 07:23:41,2024-04-25,Philadelphia 76ers,53.90, -215
2024-04-25 07:23:41,2024-04-25,New York Knicks,46.10,  180
2024-04-25 07:23:41,2024-04-25,Los Angeles Lakers,55.50, -112
2024-04-25 07:23:41,2024-04-25,Denver Nuggets,44.50, -104
2024-04-26 02:35:45,2024-04-26,Indiana Pacers,53.10, -230
2024-04-26 02:35:45,2024-04-26,Milwaukee Bucks,46.90,  190
2024-04-26 02:35:45,2024-04-26,Dallas Mavericks,49.70, -186
2024-04-26 02:35:45,2024-04-26,LA Clippers,50.30,  156
2024-04-26 02:35:45,2024-04-26,Phoenix Suns,50.40, -178
2024-04-26 02:35:45,2024-04-26,Minnesota Timberwolves,49.60,  150
2024-04-26 23:26:33,2024-04-27,Orlando Magic,48.40, -132
2024-04-26 23:26:33,2024-04-27,Cleveland Cavaliers,51.60,  112
2024-04-26 23:26:33,2024-04-27,New Orleans Pelicans,40.00, -104
2024-04-26 23:26:33,2024-04-27,Oklahoma City Thunder,60.00, -116
2024-04-26 23:26:33,2024-04-27,Miami Heat,34.40,  330
2024-04-26 23:26:33,2024-04-27,Boston Celtics,65.60, -420
2024-04-26 23:26:33,2024-04-27,Los Angeles Lakers,55.50,  138
2024-04-26 23:26:33,2024-04-27,Denver Nuggets,44.50, -164
2024-04-28 17:27:54,2024-04-28,Philadelphia 76ers,53.90, -200
2024-04-28 17:27:54,2024-04-28,New York Knicks,46.10,  168
2024-04-28 17:27:54,2024-04-28,Dallas Mavericks,49.70, -270
2024-04-28 17:27:54,2024-04-28,LA Clippers,50.30,  220
2024-04-28 17:27:54,2024-04-28,Indiana Pacers,53.10, -450
2024-04-28 17:27:54,2024-04-28,Milwaukee Bucks,46.90,  350
2024-04-28 17:27:54,2024-04-28,Phoenix Suns,50.40, -112
2024-04-28 17:27:54,2024-04-28,Minnesota Timberwolves,49.60, -104
2024-04-29 07:06:18,2024-04-29,Miami Heat,34.40,  400
2024-04-29 07:06:18,2024-04-29,Boston Celtics,65.60, -520
2024-04-29 07:06:18,2024-04-29,New Orleans Pelicans,40.00,  162
2024-04-29 07:06:18,2024-04-29,Oklahoma City Thunder,60.00, -194
2024-04-29 07:06:18,2024-04-29,Denver Nuggets,71.20, -300
2024-04-29 07:06:18,2024-04-29,Los Angeles Lakers,28.80,  245
2024-04-30 04:46:44,2024-04-30,New York Knicks,61.40, -162
2024-04-30 04:46:44,2024-04-30,Philadelphia 76ers,38.60,  136
2024-04-30 04:46:44,2024-04-30,Cleveland Cavaliers,58.40, -190
2024-04-30 04:46:44,2024-04-30,Orlando Magic,41.60,  160
2024-04-30 04:46:44,2024-04-30,Milwaukee Bucks,60.80,  154
2024-04-30 04:46:44,2024-04-30,Indiana Pacers,39.20, -184
2024-05-01 00:09:39,2024-05-01,Boston Celtics,81.10,-1100
2024-05-01 00:09:39,2024-05-01,Miami Heat,18.90,  700
2024-05-01 00:09:39,2024-05-01,LA Clippers,65.70,  126
2024-05-01 00:09:39,2024-05-01,Dallas Mavericks,34.30, -148
2024-05-02 15:34:32,2024-05-02,Indiana Pacers,53.10, -230
2024-05-02 15:34:32,2024-05-02,Milwaukee Bucks,46.90,  194
2024-05-02 15:34:32,2024-05-02,Philadelphia 76ers,53.90, -154
2024-05-02 15:34:32,2024-05-02,New York Knicks,46.10,  130
2024-05-03 18:32:12,2024-05-03,Orlando Magic,48.40, -180
2024-05-03 18:32:12,2024-05-03,Cleveland Cavaliers,51.60,  152
2024-05-03 18:32:12,2024-05-03,Dallas Mavericks,49.70, -340
2024-05-03 18:32:12,2024-05-03,LA Clippers,50.30,  275
